Пол,Год,Профессия,гумтех,ссылка
ж,2003,-,тех,BaffyFan101
м,1965,писатель,гум,boservas
м,1972,учитель,без,russischergeist
ж,1983,-,тех,EvA13K
ж,1979,учитель,гум,Nurcha
ж,1991,учитель,гум,evercallian
ж,1991,писатель,гум,KatrinBelous
ж,1989,-,гум,missis-capitanova
ж,1993,-,без,country_books
ж,1994,писатель,гум,yfnfkbz140594
ж,1984,-,гум,DelanocheConcurring
ж,1978,-,без,Izumka
ж,1988,-,тех,dyudyuchechka
ж,1988,-,тех,Romawka20
ж,1980,-,без,LinaSaks
м,1958,-,без,SergejPanasenko875
ж,1999,ученик,гум,BreathShadows
м,1957,-,тех,strannik102
ж,1993,-,тех,RamroopSniffling
ж,1999,ученик,без,scinema
ж,1997,ученик,без,MariyaErmolina
м,1995,-,без,buldakowoleg
м,1992,-,без,TheStrangeness
ж,2000,ученик,гум,Nastasya_Larina
ж,1991,учитель,гум,Septimana_a
м,1981,-,тех,Mooshkenoom
ж,1994,-,тех,BookSwan
ж,1994,ученик,без,Perlovkaa
ж,1984,учитель,гум,SchoenfelderCicelies

ж,2000,-,без,FrometaCodilles
ж,1966,-,без,kmari-chka
ж,1968,-,без,Infinity_25
ж,1964,-,тех,memory_cell
ж,1962,писатель,гум,Clickosoftsky
ж,2003,ученик,без,DianaLemine
ж,2001,ученик,без,MargaritaChajka
м,1981,-,без,hitcher
м,1971,-,без,LoyolaTactical
м,1960,it,тех,KindLion
м,1989,-,тех,half_awake
м,1971,-,без,gross0310
ж,2001,ученик,без,VikylenokM
ж,2009,ученик,без,PolinaRokitskaya
ж,2002,ученик,гум,SemenyukIsReading
ж,2005,ученик,без,ScoobyDoo
ж,2002,ученик,гум,RitaSEREBRO
ж,2004,ученик,без,AngelinaParazyan
